version,n,mean,std,median,min,max,q25,q75
left,2100,5.051428571428572,2.6359595702099954,5.0,1,9,3.0,7.0
right,2100,5.093333333333334,2.5688895006665633,5.0,1,9,3.0,7.0
both,2100,4.961428571428572,2.5842521321566747,5.0,1,9,3.0,7.0
